index,SOURCEID,shortname,A/S/C,RA_deg,DE_deg,J_mag,H_mag,K_mag,SpT,Stetson_JHK,range_J,range_H,range_K,vanilla_period_J,vanilla_per_amp_J,vanilla_per_fap_J,vanilla_period_H,vanilla_per_amp_H,vanilla_per_fap_H,vanilla_period_K,vanilla_per_amp_K,vanilla_per_fap_K,poly2_period_J,poly2_per_amp_J,poly2_per_fap_J,poly2_period_H,poly2_per_amp_H,poly2_per_fap_H,poly2_period_K,poly2_per_amp_K,poly2_per_fap_K,poly4_period_J,poly4_per_amp_J,poly4_per_fap_J,poly4_period_H,poly4_per_amp_H,poly4_per_fap_H,poly4_period_K,poly4_per_amp_K,poly4_per_fap_K
0,44508746127015,ngc_000A_M2.5_Q1H,A,52.045902649896966,31.29144825735165,12.317328453063965,11.416049003601074,10.976200103759766,2.5,1.152610223412057,0.033959960937499645,0.03418445587158203,0.028774642944336293,0.0,0.0,0.0,0.0,0.0,0.0,0.0,0.0,0.0,0.0,0.0,0.0,0.0,0.0,0.0,0.0,0.0,0.0,0.0,0.0,0.0,0.0,0.0,0.0,0.0,0.0,0.0
1,44508746126979,ngc_001C_M8.2_Q2,C,52.063295264282765,31.289945523658066,16.515056610107422,15.824037551879883,15.121696472167969,8.25,0.41300411500792567,0.07130088806152202,0.055653572082517755,0.0571569442749027,0.0,0.0,0.0,0.0,0.0,0.0,0.0,0.0,0.0,0.0,0.0,0.0,0.0,0.0,0.0,0.0,0.0,0.0,0.0,0.0,0.0,0.0,0.0,0.0,0.0,0.0,0.0
2,44508746098759,ngc_002A_M5.8_Q0,A,52.11839272596095,31.2742355333379,14.590139389038086,14.06614875793457,13.646990776062012,5.75,0.6379043528742523,0.034665584564208984,0.03383970260620117,0.0237922668457049,0.0,0.0,0.0,0.0,0.0,0.0,0.0,0.0,0.0,0.0,0.0,0.0,0.0,0.0,0.0,0.0,0.0,0.0,0.0,0.0,0.0,0.0,0.0,0.0,0.0,0.0,0.0
3,44508746098738,ngc_003A_M9.5_Q1K,A,52.12393239325014,31.255683640787705,18.758718490600586,18.02743148803711,17.25758934020996,9.5,-0.08774696375785852,0.3206768035888672,0.24230880737304972,0.22720565795898295,0.0,0.0,0.0,0.0,0.0,0.0,0.0,0.0,0.0,0.0,0.0,0.0,0.0,0.0,0.0,0.0,0.0,0.0,0.0,0.0,0.0,0.0,0.0,0.0,0.0,0.0,0.0
4,44508746098719,ngc_004A_M8.0_Q0,A,52.12957164293435,31.284469842402903,17.055400848388672,15.30056095123291,13.979825973510742,8.0,0.6115748874100623,0.09025497436523366,0.056826305389403586,0.037652587890624645,0.0,0.0,0.0,0.0,0.0,0.0,0.0,0.0,0.0,0.0,0.0,0.0,0.0,0.0,0.0,0.0,0.0,0.0,0.0,0.0,0.0,0.0,0.0,0.0,0.0,0.0,0.0
5,44508746098671,ngc_005C_M8.0_Q2,C,52.145271552831,31.267915741782016,17.55309295654297,16.520366668701172,15.212504386901855,8.0,0.8719799804687499,0.12078514099120952,0.07675628662109446,0.06071567535400568,0.0,0.0,0.0,0.0,0.0,0.0,0.0,0.0,0.0,0.0,0.0,0.0,0.0,0.0,0.0,0.0,0.0,0.0,0.0,0.0,0.0,0.0,0.0,0.0,0.0,0.0,0.0
6,44508746127084,ngc_006A_M5.5_Q1JH,A,52.14725474593154,31.299908659036227,16.237525939941406,14.648160934448242,13.538780212402344,5.5,0.6605984814278114,0.04980926513671946,0.040005302429198863,0.027147293090820312,0.0,0.0,0.0,0.0,0.0,0.0,0.0,0.0,0.0,0.0,0.0,0.0,0.0,0.0,0.0,0.0,0.0,0.0,0.0,0.0,0.0,0.0,0.0,0.0,0.0,0.0,0.0
7,44508746126973,ngc_007C_M8.5_Q2,C,52.15119618587766,31.28925309152846,17.786088943481445,17.08197021484375,16.374691009521484,8.5,0.20964599937521,0.15028152465820455,0.1065023422241218,0.11767921447754048,0.0,0.0,0.0,0.0,0.0,0.0,0.0,0.0,0.0,0.0,0.0,0.0,0.0,0.0,0.0,0.0,0.0,0.0,0.0,0.0,0.0,0.0,0.0,0.0,0.0,0.0,0.0
8,44508746127275,ngc_008C_M4.0_Q2,C,52.15217641478506,31.324728364541873,12.756977081298828,12.147472381591797,11.838541030883789,4.0,1.903181435405344,0.0402349472045902,0.04223146438598668,0.03075256347656108,0.0,0.0,0.0,0.0,0.0,0.0,0.0,0.0,0.0,0.0,0.0,0.0,0.0,0.0,0.0,0.0,0.0,0.0,0.0,0.0,0.0,0.0,0.0,0.0,0.0,0.0,0.0
9,44508746127046,ngc_009A_M2.0_Q0,A,52.15386390336591,31.293169449015686,11.921906471252441,10.682168006896973,10.066134452819824,2.0,1.6210970314600133,0.041426658630371094,0.038246154785158026,0.03130893707275462,0.0,0.0,0.0,0.0,0.0,0.0,0.0,0.0,0.0,0.0,0.0,0.0,0.0,0.0,0.0,0.0,0.0,0.0,0.0,0.0,0.0,0.0,0.0,0.0,0.0,0.0,0.0
10,44508746127611,ngc_010A_M1.0_Q1J,A,52.153954039406884,31.386710691027005,11.703727722167969,10.847596168518066,10.473337173461914,1.0,6.108855629681647,0.08425617218017578,0.0997781753540039,0.0782008171081543,0.0,0.0,0.0,0.0,0.0,0.0,0.0,0.0,0.0,0.0,0.0,0.0,0.0,0.0,0.0,0.0,0.0,0.0,0.0,0.0,0.0,0.0,0.0,0.0,0.0,0.0,0.0
11,44508746127515,ngc_011A_L0.0_Q1K,A,52.15832286068124,31.369376751669524,19.811763763427734,18.704172134399414,17.65174102783203,10.0,-0.6035644743177626,0.2904195785522461,0.4134044647216797,0.3016845703124993,0.0,0.0,0.0,0.0,0.0,0.0,0.0,0.0,0.0,0.0,0.0,0.0,0.0,0.0,0.0,0.0,0.0,0.0,0.0,0.0,0.0,0.0,0.0,0.0,0.0,0.0,0.0
12,44508746128322,ngc_012S_M9.0_Q1HK,S,52.161546267332724,31.30186775606448,,17.15338706970215,14.030203819274902,9.0,,,0.24449234008789134,0.1267331123352058,0.0,0.0,0.0,0.0,0.0,0.0,0.0,0.0,0.0,0.0,0.0,0.0,0.0,0.0,0.0,0.0,0.0,0.0,0.0,0.0,0.0,0.0,0.0,0.0,0.0,0.0,0.0
13,44508746098496,ngc_013C_M4.0_Q2,C,52.18013189283994,31.17852219031615,15.30357551574707,13.246667861938477,11.997236251831055,4.0,3.722787586375825,0.0866212844848615,0.0769935607910135,0.07435398101806712,0.0,0.0,0.0,0.0,0.0,0.0,0.0,0.0,0.0,0.0,0.0,0.0,0.0,0.0,0.0,0.0,0.0,0.0,0.0,0.0,0.0,0.0,0.0,0.0,0.0,0.0,0.0
14,44508746127117,ngc_014A_M5.5_Q0,A,52.181500101020184,31.293477172202948,12.091537475585938,10.858659744262695,9.924015045166016,5.5,33.67960298978365,0.49719638824462997,0.3336322784423835,0.24546298980712855,0.0,0.0,0.0,0.0,0.0,0.0,0.0,0.0,0.0,0.0,0.0,0.0,0.0,0.0,0.0,0.0,0.0,0.0,0.0,0.0,0.0,0.0,0.0,0.0,0.0,0.0,0.0
15,44508746127412,ngc_015C_M6.0_Q2,C,52.18367452741841,31.348026919322386,14.147509574890137,13.280515670776367,12.57149887084961,6.0,0.9262782818100358,0.023941612243650212,0.04223985671997177,0.0252730369567864,0.0,0.0,0.0,0.0,0.0,0.0,0.0,0.0,0.0,0.0,0.0,0.0,0.0,0.0,0.0,0.0,0.0,0.0,0.0,0.0,0.0,0.0,0.0,0.0,0.0,0.0,0.0
16,44508746098424,ngc_016A_M9.0_Q2,A,52.190174941054046,31.26976910870742,18.459636688232422,17.735057830810547,16.982328414916992,9.0,-0.04067012421762196,0.2512004852294929,0.17880821228027344,0.16419219970703125,0.0,0.0,0.0,0.0,0.0,0.0,0.0,0.0,0.0,0.0,0.0,0.0,0.0,0.0,0.0,0.0,0.0,0.0,0.0,0.0,0.0,0.0,0.0,0.0,0.0,0.0,0.0
17,44508746098403,ngc_017C_M8.2_Q2,C,52.19726082354841,31.191635096855208,15.351968765258789,13.7994384765625,12.67105484008789,8.25,3.0685914294554455,0.05106849670410263,0.056579875946043856,0.0490339279174794,0.0,0.0,0.0,0.0,0.0,0.0,0.0,0.0,0.0,0.0,0.0,0.0,0.0,0.0,0.0,0.0,0.0,0.0,0.0,0.0,0.0,0.0,0.0,0.0,0.0,0.0,0.0
18,44508746127678,ngc_018C_M3.0_Q2,C,52.19852375950006,31.40171174715378,14.140704154968262,12.616825103759766,11.539346694946289,3.0,12.597034960237455,0.32170677185058416,0.20520286560058487,0.24237546920776332,0.0,0.0,0.0,0.0,0.0,0.0,0.0,0.0,0.0,0.0,0.0,0.0,0.0,0.0,0.0,0.0,0.0,0.0,0.0,0.0,0.0,0.0,0.0,0.0,0.0,0.0,0.0
19,44508746127488,ngc_019C_M8.2_Q2,C,52.198596772352545,31.365173170940203,17.68805694580078,16.37661361694336,15.32060432434082,8.25,-0.04385841533701907,0.11317596435547017,0.08010101318359375,0.052919864654541016,0.0,0.0,0.0,0.0,0.0,0.0,0.0,0.0,0.0,0.0,0.0,0.0,0.0,0.0,0.0,0.0,0.0,0.0,0.0,0.0,0.0,0.0,0.0,0.0,0.0,0.0,0.0
20,44508746098400,ngc_020A_M6.5_Q1JH,A,52.19929809806475,31.282001316193725,12.856622695922852,11.830180168151855,10.903026580810547,6.5,10.484291202557756,0.1646503448486314,0.1578796386718757,0.15022220611572124,0.0,0.0,0.0,0.0,0.0,0.0,0.0,0.0,0.0,0.0,0.0,0.0,0.0,0.0,0.0,0.0,0.0,0.0,0.0,0.0,0.0,0.0,0.0,0.0,0.0,0.0,0.0
21,44508746126974,ngc_021C_M5.0_Q2,C,52.20342775427072,31.289599429056494,17.673770904541016,15.203086853027344,13.662038803100586,5.0,1.1388721534428203,0.1641643524169929,0.06741676330566548,0.04441671371460032,0.0,0.0,0.0,0.0,0.0,0.0,0.0,0.0,0.0,0.0,0.0,0.0,0.0,0.0,0.0,0.0,0.0,0.0,0.0,0.0,0.0,0.0,0.0,0.0,0.0,0.0,0.0
22,44508746116074,ngc_022C_M2.5_Q2,C,52.21233025042285,31.39667746281461,14.464534759521484,12.3414306640625,11.165423393249512,2.5,0.5586397662852545,0.02992877960204865,0.03361835479736541,0.020377349853514914,0.0,0.0,0.0,0.0,0.0,0.0,0.0,0.0,0.0,0.0,0.0,0.0,0.0,0.0,0.0,0.0,0.0,0.0,0.0,0.0,0.0,0.0,0.0,0.0,0.0,0.0,0.0
23,44508746116084,ngc_023A_M5.0_Q0,A,52.21255187904311,31.3051607000003,11.007939338684082,10.047700881958008,9.277752876281738,5.0,15.162146674262154,0.42123394012451065,0.2991922378540046,0.24369735717773366,0.0,0.0,0.0,0.0,0.0,0.0,0.0,0.0,0.0,0.0,0.0,0.0,0.0,0.0,0.0,0.0,0.0,0.0,0.0,0.0,0.0,0.0,0.0,0.0,0.0,0.0,0.0
24,44508746116073,ngc_024A_M9.5_Q0,A,52.212659902264,31.32452139204522,19.433740615844727,18.53498077392578,17.803302764892578,9.5,0.014184701755252223,0.3584506988525398,0.3249437332153349,0.31024932861328125,0.0,0.0,0.0,0.0,0.0,0.0,0.0,0.0,0.0,0.0,0.0,0.0,0.0,0.0,0.0,0.0,0.0,0.0,0.0,0.0,0.0,0.0,0.0,0.0,0.0,0.0,0.0
25,44508746107194,ngc_025C_M5.0_Q2,C,52.21273734705693,31.275691231152788,13.21975326538086,12.522594451904297,12.111556053161621,5.0,1.8449966221639553,0.04627256393432688,0.042524337768556464,0.04182910919189453,0.0,0.0,0.0,0.0,0.0,0.0,0.0,0.0,0.0,0.0,0.0,0.0,0.0,0.0,0.0,0.0,0.0,0.0,0.0,0.0,0.0,0.0,0.0,0.0,0.0,0.0,0.0
26,44508746107325,ngc_026C_M7.5_Q2,C,52.21722066735175,31.263107372145793,13.013572692871094,12.468603134155273,11.960728645324707,7.5,5.079588728952626,0.08313789367675817,0.07689905166625977,0.048590278625487926,0.0,0.0,0.0,0.0,0.0,0.0,0.0,0.0,0.0,0.0,0.0,0.0,0.0,0.0,0.0,0.0,0.0,0.0,0.0,0.0,0.0,0.0,0.0,0.0,0.0,0.0,0.0
27,44508746116125,ngc_027A_M3.0_Q1JH,A,52.21732477321471,31.379279175633226,12.057303428649902,11.21932601928711,10.754219055175781,3.0,15.994389372051886,0.251527023315429,0.21220712661743235,0.17826557159423828,0.0,0.0,0.0,0.0,0.0,0.0,0.0,0.0,0.0,0.0,0.0,0.0,0.0,0.0,0.0,0.0,0.0,0.0,0.0,0.0,0.0,0.0,0.0,0.0,0.0,0.0,0.0
28,44508746107213,ngc_028C_M5.0_Q2,C,52.22043832868216,31.2740315083973,13.544722557067871,12.921001434326172,12.506928443908691,5.0,1.9894509511451197,0.04894447326660156,0.03998289108276332,0.05057258605957138,0.0,0.0,0.0,0.0,0.0,0.0,0.0,0.0,0.0,0.0,0.0,0.0,0.0,0.0,0.0,0.0,0.0,0.0,0.0,0.0,0.0,0.0,0.0,0.0,0.0,0.0,0.0
29,44508746107153,ngc_029A_M5.2_Q0,A,52.22530383234117,31.281757693868958,12.973106384277344,12.14418888092041,11.625568389892578,5.25,2.345929268078926,0.0627972602844249,0.041890716552735796,0.03531970977783416,0.0,0.0,0.0,0.0,0.0,0.0,0.0,0.0,0.0,0.0,0.0,0.0,0.0,0.0,0.0,0.0,0.0,0.0,0.0,0.0,0.0,0.0,0.0,0.0,0.0,0.0,0.0
30,44508746107152,ngc_030A_M1.0_Q0,A,52.22756038487193,31.2808940362746,12.605414390563965,11.11081600189209,10.205217361450195,1.0,5.918836619755993,0.10386428833007955,0.1052221298217777,0.10367393493652166,0.0,0.0,0.0,0.0,0.0,0.0,0.0,0.0,0.0,0.0,0.0,0.0,0.0,0.0,0.0,0.0,0.0,0.0,0.0,0.0,0.0,0.0,0.0,0.0,0.0,0.0,0.0
31,44508746107378,ngc_031C_M8.2_Q2,C,52.228853004308775,31.25806781901919,15.999459266662598,15.014596939086914,14.21883773803711,8.25,1.2854522287029109,0.04463081359863352,0.035385704040528765,0.03201103210449219,0.0,0.0,0.0,0.0,0.0,0.0,0.0,0.0,0.0,0.0,0.0,0.0,0.0,0.0,0.0,0.0,0.0,0.0,0.0,0.0,0.0,0.0,0.0,0.0,0.0,0.0,0.0
32,44508746116168,ngc_032A_M6.0_Q1J,A,52.22901091199205,31.304271892366373,17.475994110107422,14.83250904083252,13.160979270935059,6.0,1.0522252688617826,0.08635978698730185,0.045507144927977805,0.03708362579345703,0.0,0.0,0.0,0.0,0.0,0.0,0.0,0.0,0.0,0.0,0.0,0.0,0.0,0.0,0.0,0.0,0.0,0.0,0.0,0.0,0.0,0.0,0.0,0.0,0.0,0.0,0.0
33,44508746107262,ngc_033A_M2.0_Q0,A,52.229428568645496,31.2746684302626,13.4378662109375,11.675594329833984,10.453469276428223,2.0,14.588412350171232,0.23369216918945312,0.2281785011291504,0.23545417785644496,0.0,0.0,0.0,0.0,0.0,0.0,0.0,0.0,0.0,0.0,0.0,0.0,0.0,0.0,0.0,0.0,0.0,0.0,0.0,0.0,0.0,0.0,0.0,0.0,0.0,0.0,0.0
34,44508746107259,ngc_034A_M1.0_Q0,A,52.22975912548203,31.273550390280718,13.092016220092773,11.865293502807617,11.242453575134277,1.0,7.709518362942352,0.08064346313476634,0.10426721572875763,0.142104530334473,0.0,0.0,0.0,0.0,0.0,0.0,0.0,0.0,0.0,0.0,0.0,0.0,0.0,0.0,0.0,0.0,0.0,0.0,0.0,0.0,0.0,0.0,0.0,0.0,0.0,0.0,0.0
35,44508746116177,ngc_035C_M6.5_Q2,C,52.230188530060445,31.29315688336676,15.09204387664795,14.15855598449707,13.45947551727295,6.5,1.4075707969425608,0.03717555999755717,0.032132625579833984,0.03558559417724538,0.0,0.0,0.0,0.0,0.0,0.0,0.0,0.0,0.0,0.0,0.0,0.0,0.0,0.0,0.0,0.0,0.0,0.0,0.0,0.0,0.0,0.0,0.0,0.0,0.0,0.0,0.0
36,44508746116228,ngc_036C_M5.8_Q2,C,52.23427666950764,31.296031457583037,13.397821426391602,12.678236961364746,12.1607027053833,5.75,0.7583094521174354,0.02497186660766637,0.023785018920898793,0.027703475952147727,0.0,0.0,0.0,0.0,0.0,0.0,0.0,0.0,0.0,0.0,0.0,0.0,0.0,0.0,0.0,0.0,0.0,0.0,0.0,0.0,0.0,0.0,0.0,0.0,0.0,0.0,0.0
37,44508746116226,ngc_037C_M2.0_Q2,C,52.23460677667574,31.37444890682412,15.749983787536621,13.354277610778809,11.897039413452148,2.0,2.290236754987225,0.05365180969238281,0.04191150665283061,0.04662036895751953,0.0,0.0,0.0,0.0,0.0,0.0,0.0,0.0,0.0,0.0,0.0,0.0,0.0,0.0,0.0,0.0,0.0,0.0,0.0,0.0,0.0,0.0,0.0,0.0,0.0,0.0,0.0
38,44508746107277,ngc_038A_M9.6_Q2,A,52.23542542532462,31.267522189277074,18.203880310058594,17.547176361083984,16.818906784057617,9.6,-0.1539737927859232,0.16962203979491974,0.14361324310302592,0.1143642425537088,0.0,0.0,0.0,0.0,0.0,0.0,0.0,0.0,0.0,0.0,0.0,0.0,0.0,0.0,0.0,0.0,0.0,0.0,0.0,0.0,0.0,0.0,0.0,0.0,0.0,0.0,0.0
39,44508746116301,ngc_039A_M1.5_Q1J,A,52.23597882034876,31.309899100456747,12.20640754699707,10.696603775024414,9.700536727905273,1.5,11.696548362183414,0.15982761383056676,0.1436309814453125,0.16893815994262695,0.0,0.0,0.0,0.0,0.0,0.0,0.0,0.0,0.0,0.0,0.0,0.0,0.0,0.0,0.0,0.0,0.0,0.0,0.0,0.0,0.0,0.0,0.0,0.0,0.0,0.0,0.0
40,44508746116355,ngc_040A_M7.0_Q1JH,A,52.23690889278202,31.329275330161256,16.331192016601562,15.24609661102295,14.39268970489502,7.0,0.7592095604824154,0.04194068908691406,0.02697944641113459,0.030024337768555398,0.0,0.0,0.0,0.0,0.0,0.0,0.0,0.0,0.0,0.0,0.0,0.0,0.0,0.0,0.0,0.0,0.0,0.0,0.0,0.0,0.0,0.0,0.0,0.0,0.0,0.0,0.0
41,44508746116243,ngc_041C_M6.5_Q2,C,52.23723251576314,31.346857019833486,15.39568042755127,14.52849006652832,13.862525939941406,6.5,1.0339722063556407,0.0304742813110348,0.029078102111814275,0.023996543884276633,0.0,0.0,0.0,0.0,0.0,0.0,0.0,0.0,0.0,0.0,0.0,0.0,0.0,0.0,0.0,0.0,0.0,0.0,0.0,0.0,0.0,0.0,0.0,0.0,0.0,0.0,0.0
42,44508746107323,ngc_042C_M5.8_Q2,C,52.23730216331403,31.26398785544075,15.07718563079834,14.142020225524902,13.471383094787598,5.75,0.6543417455943208,0.0330135345458995,0.023502540588378196,0.020018386840821023,0.0,0.0,0.0,0.0,0.0,0.0,0.0,0.0,0.0,0.0,0.0,0.0,0.0,0.0,0.0,0.0,0.0,0.0,0.0,0.0,0.0,0.0,0.0,0.0,0.0,0.0,0.0
43,44508746107260,ngc_043C_M1.0_Q2,C,52.23730568665953,31.272860482930767,13.625445365905762,11.9288330078125,11.033559799194336,1.0,3.131317835420234,0.05463352203369354,0.06324234008789098,0.11704683303833008,0.0,0.0,0.0,0.0,0.0,0.0,0.0,0.0,0.0,0.0,0.0,0.0,0.0,0.0,0.0,0.0,0.0,0.0,0.0,0.0,0.0,0.0,0.0,0.0,0.0,0.0,0.0
44,44508746107146,ngc_044C_M7.8_Q2,C,52.237664814094934,31.28018894142128,17.056100845336914,16.196552276611328,15.509015083312988,7.75,0.224764393825157,0.07003173828125142,0.05203819274902344,0.05371322631835973,0.0,0.0,0.0,0.0,0.0,0.0,0.0,0.0,0.0,0.0,0.0,0.0,0.0,0.0,0.0,0.0,0.0,0.0,0.0,0.0,0.0,0.0,0.0,0.0,0.0,0.0,0.0
45,44508746108664,ngc_045S_M4.0_Q1HK,S,52.23771336339092,31.250778364469348,,17.88981056213379,13.9501314163208,4.0,,,0.22255859375000142,0.036067390441894887,0.0,0.0,0.0,0.0,0.0,0.0,0.0,0.0,0.0,0.0,0.0,0.0,0.0,0.0,0.0,0.0,0.0,0.0,0.0,0.0,0.0,0.0,0.0,0.0,0.0,0.0,0.0
46,44508746116250,ngc_046C_M6.0_Q2,C,52.237945979543014,31.319994727232118,17.102941513061523,16.114917755126953,15.324366569519043,6.0,4.230326334635416,0.15541839599609375,0.13572578430175497,0.11672286987304581,0.0,0.0,0.0,0.0,0.0,0.0,0.0,0.0,0.0,0.0,0.0,0.0,0.0,0.0,0.0,0.0,0.0,0.0,0.0,0.0,0.0,0.0,0.0,0.0,0.0,0.0,0.0
47,44508746107362,ngc_047A_M6.0_Q1J,A,52.23815278084283,31.259616077245646,15.340959548950195,14.065658569335938,13.1881103515625,6.0,1.1663755702511698,0.032100105285644887,0.03523998260498118,0.03274993896484446,0.0,0.0,0.0,0.0,0.0,0.0,0.0,0.0,0.0,0.0,0.0,0.0,0.0,0.0,0.0,0.0,0.0,0.0,0.0,0.0,0.0,0.0,0.0,0.0,0.0,0.0,0.0
48,44508746116358,ngc_048A_M3.5_Q0,A,52.23920718705196,31.33069146801944,12.060295104980469,11.120806694030762,10.675840377807617,3.5,0.6360289375737028,0.020057487487791903,0.01748838424682475,0.016892433166503906,0.0,0.0,0.0,0.0,0.0,0.0,0.0,0.0,0.0,0.0,0.0,0.0,0.0,0.0,0.0,0.0,0.0,0.0,0.0,0.0,0.0,0.0,0.0,0.0,0.0,0.0,0.0
49,44508746116365,ngc_049A_M3.5_Q0,A,52.24037574892611,31.330040086117027,12.943418502807617,11.9229736328125,11.282904624938965,3.5,7.34420219757272,0.08034210205078018,0.07734766006469584,0.13289604187011683,0.0,0.0,0.0,0.0,0.0,0.0,0.0,0.0,0.0,0.0,0.0,0.0,0.0,0.0,0.0,0.0,0.0,0.0,0.0,0.0,0.0,0.0,0.0,0.0,0.0,0.0,0.0
50,44508746116310,ngc_050C_M0.5_Q2,C,52.242077149919325,31.301047596374758,12.776324272155762,11.7633056640625,11.367132186889648,0.5,1.9234480947818398,0.03374538421630646,0.03301887512207102,0.034321594238280184,0.0,0.0,0.0,0.0,0.0,0.0,0.0,0.0,0.0,0.0,0.0,0.0,0.0,0.0,0.0,0.0,0.0,0.0,0.0,0.0,0.0,0.0,0.0,0.0,0.0,0.0,0.0
51,44508746116313,ngc_051A_M5.5_Q1J,A,52.24265657959063,31.369279445434895,15.956233024597168,14.382747650146484,13.2852783203125,5.5,1.0433122611340182,0.03173351287841797,0.02593555450439311,0.02527761459350586,0.0,0.0,0.0,0.0,0.0,0.0,0.0,0.0,0.0,0.0,0.0,0.0,0.0,0.0,0.0,0.0,0.0,0.0,0.0,0.0,0.0,0.0,0.0,0.0,0.0,0.0,0.0
52,44508746116314,ngc_052A_M8.0_Q0,A,52.242709679570275,31.367267696225586,14.583902359008789,13.286685943603516,12.230022430419922,8.0,24.204955150462965,0.287951564788818,0.2673059463500973,0.2101882934570316,0.0,0.0,0.0,0.0,0.0,0.0,0.0,0.0,0.0,0.0,0.0,0.0,0.0,0.0,0.0,0.0,0.0,0.0,0.0,0.0,0.0,0.0,0.0,0.0,0.0,0.0,0.0
53,44508746116316,ngc_053C_M5.5_Q2,C,52.243434044927064,31.382446595731427,15.261045455932617,14.291248321533203,13.593973159790039,5.5,0.8605761331225198,0.026888179779053445,0.028640747070314276,0.022533035278319957,0.0,0.0,0.0,0.0,0.0,0.0,0.0,0.0,0.0,0.0,0.0,0.0,0.0,0.0,0.0,0.0,0.0,0.0,0.0,0.0,0.0,0.0,0.0,0.0,0.0,0.0,0.0
54,44508746107136,ngc_054C_M9.0_Q2,C,52.246824330614125,31.281524850309935,17.991647720336914,17.016883850097656,16.08721923828125,9.0,1.3338813955925368,0.18250656127929688,0.13550319671630717,0.11771507263183523,0.0,0.0,0.0,0.0,0.0,0.0,0.0,0.0,0.0,0.0,0.0,0.0,0.0,0.0,0.0,0.0,0.0,0.0,0.0,0.0,0.0,0.0,0.0,0.0,0.0,0.0,0.0
55,44508746116436,ngc_055C_M5.0_Q2,C,52.250628648397026,31.35257380671543,16.538917541503906,14.60734748840332,13.323057174682617,5.0,7.655498201884921,0.21393051147460795,0.14468708038329936,0.14232501983642543,0.0,0.0,0.0,0.0,0.0,0.0,0.0,0.0,0.0,0.0,0.0,0.0,0.0,0.0,0.0,0.0,0.0,0.0,0.0,0.0,0.0,0.0,0.0,0.0,0.0,0.0,0.0
56,44508746107552,ngc_056C_M3.0_Q2,C,52.25129614117918,31.227371971686352,13.189884185791016,11.9853515625,11.435050964355469,3.0,3.177699537582049,0.057053375244141336,0.04558200836181747,0.039772987365722656,0.0,0.0,0.0,0.0,0.0,0.0,0.0,0.0,0.0,0.0,0.0,0.0,0.0,0.0,0.0,0.0,0.0,0.0,0.0,0.0,0.0,0.0,0.0,0.0,0.0,0.0,0.0
57,44508746116459,ngc_057C_M4.8_Q2,C,52.2515543671548,31.346026040115504,13.47120475769043,12.403379440307617,11.812765121459961,4.75,0.6491825895489387,0.018755340576170454,0.021870803833007102,0.020493507385253906,0.0,0.0,0.0,0.0,0.0,0.0,0.0,0.0,0.0,0.0,0.0,0.0,0.0,0.0,0.0,0.0,0.0,0.0,0.0,0.0,0.0,0.0,0.0,0.0,0.0,0.0,0.0
58,44508746116467,ngc_058C_M1.5_Q2,C,52.25290439630738,31.366899881920283,16.047761917114258,13.33946418762207,11.71682357788086,1.5,1.108024856671184,0.03782691955566264,0.0277346611022935,0.018809223175047407,0.0,0.0,0.0,0.0,0.0,0.0,0.0,0.0,0.0,0.0,0.0,0.0,0.0,0.0,0.0,0.0,0.0,0.0,0.0,0.0,0.0,0.0,0.0,0.0,0.0,0.0,0.0
59,44508746116477,ngc_059A_L0.0_Q1K,A,52.25436721461713,31.30955964875015,19.284637451171875,18.120393753051758,17.137941360473633,10.0,0.0966950191391839,0.3642127990722628,0.25551643371582244,0.16832122802734517,0.0,0.0,0.0,0.0,0.0,0.0,0.0,0.0,0.0,0.0,0.0,0.0,0.0,0.0,0.0,0.0,0.0,0.0,0.0,0.0,0.0,0.0,0.0,0.0,0.0,0.0,0.0
60,44508746116535,ngc_060C_M9.0_Q2,C,52.25985415480357,31.37109317790613,18.22700309753418,17.509702682495117,16.802114486694336,9.0,-0.10619122727112199,0.15520668029785156,0.1324230194091811,0.14394226074218963,0.0,0.0,0.0,0.0,0.0,0.0,0.0,0.0,0.0,0.0,0.0,0.0,0.0,0.0,0.0,0.0,0.0,0.0,0.0,0.0,0.0,0.0,0.0,0.0,0.0,0.0,0.0
61,44508746116549,ngc_061C_M2.0_Q2,C,52.26122954587597,31.318214462055384,17.90854263305664,15.361299514770508,13.554608345031738,2.0,5.433055949660966,0.18583908081054545,0.1535491943359375,0.16729869842529332,0.0,0.0,0.0,0.0,0.0,0.0,0.0,0.0,0.0,0.0,0.0,0.0,0.0,0.0,0.0,0.0,0.0,0.0,0.0,0.0,0.0,0.0,0.0,0.0,0.0,0.0,0.0
62,44508746116558,ngc_062C_M8.2_Q2,C,52.261643187790206,31.37148367209278,16.920005798339844,14.967947959899902,13.451155662536621,8.25,2.2121079162981525,0.07052879333496165,0.05763607025146378,0.05500812530517507,0.0,0.0,0.0,0.0,0.0,0.0,0.0,0.0,0.0,0.0,0.0,0.0,0.0,0.0,0.0,0.0,0.0,0.0,0.0,0.0,0.0,0.0,0.0,0.0,0.0,0.0,0.0
63,44508746116568,ngc_063C_M2.5_Q2,C,52.263032570705874,31.377281704564457,14.216729164123535,13.023370742797852,11.816131591796875,2.5,49.672587460691815,0.5382558822631847,0.7115118980407704,0.6063385009765625,0.0,0.0,0.0,0.0,0.0,0.0,0.0,0.0,0.0,0.0,0.0,0.0,0.0,0.0,0.0,0.0,0.0,0.0,0.0,0.0,0.0,0.0,0.0,0.0,0.0,0.0,0.0
64,44508746116567,ngc_064C_M6.0_Q2,C,52.26334973916645,31.429222280166222,15.713296890258789,14.699317932128906,13.925869941711426,6.0,2.3112061698481723,0.06686286926269602,0.05082540512085032,0.04444084167480433,0.0,0.0,0.0,0.0,0.0,0.0,0.0,0.0,0.0,0.0,0.0,0.0,0.0,0.0,0.0,0.0,0.0,0.0,0.0,0.0,0.0,0.0,0.0,0.0,0.0,0.0,0.0
65,44508746116577,ngc_065C_M6.0_Q2,C,52.26412203721155,31.31110327434449,15.732491493225098,14.694438934326172,13.907724380493164,6.0,1.2597071809588738,0.04257717132568217,0.03272743225097585,0.02384042739868164,0.0,0.0,0.0,0.0,0.0,0.0,0.0,0.0,0.0,0.0,0.0,0.0,0.0,0.0,0.0,0.0,0.0,0.0,0.0,0.0,0.0,0.0,0.0,0.0,0.0,0.0,0.0
66,44508746116630,ngc_066C_M5.5_Q2,C,52.26423842528434,31.420670547782546,16.36900520324707,14.89120864868164,13.871084213256836,5.5,0.4505339122953869,0.04095306396484588,0.024573898315429332,0.02176952362060547,0.0,0.0,0.0,0.0,0.0,0.0,0.0,0.0,0.0,0.0,0.0,0.0,0.0,0.0,0.0,0.0,0.0,0.0,0.0,0.0,0.0,0.0,0.0,0.0,0.0,0.0,0.0
67,44508746116585,ngc_067C_M8.5_Q2,C,52.266397585154216,31.391952253138715,17.306865692138672,16.026748657226562,14.981417655944824,8.5,0.44906352301063773,0.07154769897460866,0.04242115020752024,0.03923473358154439,0.0,0.0,0.0,0.0,0.0,0.0,0.0,0.0,0.0,0.0,0.0,0.0,0.0,0.0,0.0,0.0,0.0,0.0,0.0,0.0,0.0,0.0,0.0,0.0,0.0,0.0,0.0
68,44508746107200,ngc_068A_M5.8_Q0,A,52.26693446744149,31.28541853061866,13.245407104492188,12.698652267456055,12.330108642578125,5.75,0.9339604155755353,0.038496971130371094,0.02650327682495046,0.02502584457397461,0.0,0.0,0.0,0.0,0.0,0.0,0.0,0.0,0.0,0.0,0.0,0.0,0.0,0.0,0.0,0.0,0.0,0.0,0.0,0.0,0.0,0.0,0.0,0.0,0.0,0.0,0.0
69,44508746116631,ngc_069A_M2.0_Q1JH,A,52.26735482533662,31.42087232268773,13.560112953186035,11.871114730834961,10.896117210388184,2.0,1.1050855848524304,0.02339153289794993,0.02926025390625142,0.019162654876708984,0.0,0.0,0.0,0.0,0.0,0.0,0.0,0.0,0.0,0.0,0.0,0.0,0.0,0.0,0.0,0.0,0.0,0.0,0.0,0.0,0.0,0.0,0.0,0.0,0.0,0.0,0.0
70,44508746116671,ngc_070A_M7.0_Q1J,A,52.269239829127976,31.341364435620513,17.73404884338379,15.427980422973633,13.71382999420166,7.0,0.6929264188562549,0.10394210815429616,0.03835725784301758,0.026647377014160867,0.0,0.0,0.0,0.0,0.0,0.0,0.0,0.0,0.0,0.0,0.0,0.0,0.0,0.0,0.0,0.0,0.0,0.0,0.0,0.0,0.0,0.0,0.0,0.0,0.0,0.0,0.0
71,44508746107203,ngc_071A_M6.0_Q0,A,52.269444336936964,31.283075988892435,14.845490455627441,13.3966703414917,12.339838027954102,6.0,9.416743369851531,0.14482908248901438,0.13247175216674734,0.09585857391357422,0.0,0.0,0.0,0.0,0.0,0.0,0.0,0.0,0.0,0.0,0.0,0.0,0.0,0.0,0.0,0.0,0.0,0.0,0.0,0.0,0.0,0.0,0.0,0.0,0.0,0.0,0.0
72,44508746116672,ngc_072A_M7.5_Q0,A,52.270528033148885,31.344015093176584,17.70177459716797,15.358686447143555,13.263538360595703,7.5,1.9553181041370737,0.20203704833984304,0.08112182617187358,0.05483455657959091,0.0,0.0,0.0,0.0,0.0,0.0,0.0,0.0,0.0,0.0,0.0,0.0,0.0,0.0,0.0,0.0,0.0,0.0,0.0,0.0,0.0,0.0,0.0,0.0,0.0,0.0,0.0
73,44508746116674,ngc_073A_M9.0_Q0,A,52.27153391400742,31.343632911558384,17.577058792114258,16.02236557006836,14.752142906188965,9.0,17.37607202774439,0.36090049743652486,0.37438364028930593,0.3714235305786122,0.0,0.0,0.0,0.0,0.0,0.0,0.0,0.0,0.0,0.0,0.0,0.0,0.0,0.0,0.0,0.0,0.0,0.0,0.0,0.0,0.0,0.0,0.0,0.0,0.0,0.0,0.0
74,44508746107771,ngc_074C_M9.0_Q2,C,52.273175808447576,31.170532785947184,17.099170684814453,16.4791259765625,15.883332252502441,9.0,0.1490234305325164,0.08366584777832031,0.07348289489745952,0.07489013671874822,0.0,0.0,0.0,0.0,0.0,0.0,0.0,0.0,0.0,0.0,0.0,0.0,0.0,0.0,0.0,0.0,0.0,0.0,0.0,0.0,0.0,0.0,0.0,0.0,0.0,0.0,0.0
75,44508746116661,ngc_075C_M7.0_Q2,C,52.273524171012454,31.336303244143288,16.58843421936035,15.837078094482422,15.044560432434082,7.0,9.975249668337263,0.2599067687988281,0.22886362075805522,0.20803260803222656,0.0,0.0,0.0,0.0,0.0,0.0,0.0,0.0,0.0,0.0,0.0,0.0,0.0,0.0,0.0,0.0,0.0,0.0,0.0,0.0,0.0,0.0,0.0,0.0,0.0,0.0,0.0
76,44508746118970,ngc_076A_M4.0_Q1J,A,52.2736168476207,31.359406188288013,18.34383201599121,15.410127639770508,13.209892272949219,4.0,6.202444608094262,0.27651252746582244,0.15621662139892578,0.13520050048828125,0.0,0.0,0.0,0.0,0.0,0.0,0.0,0.0,0.0,0.0,0.0,0.0,0.0,0.0,0.0,0.0,0.0,0.0,0.0,0.0,0.0,0.0,0.0,0.0,0.0,0.0,0.0
77,44508746107202,ngc_077A_M1.0_Q0,A,52.273991268137664,31.277679751104156,14.783564567565918,11.85061264038086,10.055933952331543,1.0,8.464372748109303,0.19470100402832102,0.15436754226684712,0.132460975646973,0.0,0.0,0.0,0.0,0.0,0.0,0.0,0.0,0.0,0.0,0.0,0.0,0.0,0.0,0.0,0.0,0.0,0.0,0.0,0.0,0.0,0.0,0.0,0.0,0.0,0.0,0.0
78,44508746107207,ngc_078A_M6.0_Q-1,A,52.274661037583144,31.277850213536958,16.565662384033203,13.99792194366455,12.269611358642578,6.0,7.22576904296875,0.14483184814453054,0.17212238311767614,0.1900801658630371,0.0,0.0,0.0,0.0,0.0,0.0,0.0,0.0,0.0,0.0,0.0,0.0,0.0,0.0,0.0,0.0,0.0,0.0,0.0,0.0,0.0,0.0,0.0,0.0,0.0,0.0,0.0
79,44508746107544,ngc_079S_M4.0_Q1HK,S,52.27637000096014,31.229537881264292,19.06878662109375,15.04326057434082,12.61337661743164,4.0,1.5007399338942307,0.375384902954103,0.05144872665405309,0.05794773101806783,0.0,0.0,0.0,0.0,0.0,0.0,0.0,0.0,0.0,0.0,0.0,0.0,0.0,0.0,0.0,0.0,0.0,0.0,0.0,0.0,0.0,0.0,0.0,0.0,0.0,0.0,0.0
80,44508746116723,ngc_080C_M8.0_Q2,C,52.27886204862842,31.49915538908846,16.51637077331543,15.610146522521973,14.846343040466309,8.0,0.7962633889818949,0.04301223754882599,0.0408439636230451,0.037707710266113637,0.0,0.0,0.0,0.0,0.0,0.0,0.0,0.0,0.0,0.0,0.0,0.0,0.0,0.0,0.0,0.0,0.0,0.0,0.0,0.0,0.0,0.0,0.0,0.0,0.0,0.0,0.0
81,44508746116731,ngc_081C_M7.8_Q2,C,52.27984286538453,31.3896781093406,18.066396713256836,16.68050765991211,15.645615577697754,7.75,1.5896485526606723,0.16380157470702983,0.119062042236326,0.1094306945800767,0.0,0.0,0.0,0.0,0.0,0.0,0.0,0.0,0.0,0.0,0.0,0.0,0.0,0.0,0.0,0.0,0.0,0.0,0.0,0.0,0.0,0.0,0.0,0.0,0.0,0.0,0.0
82,44508746117251,ngc_082A_M2.5_Q1J,A,52.2831069660406,31.380997694397074,12.817134857177734,11.163434982299805,10.224605560302734,2.5,3.8670152583940127,0.06148490905761683,0.061209487915038,0.051784324645996804,0.0,0.0,0.0,0.0,0.0,0.0,0.0,0.0,0.0,0.0,0.0,0.0,0.0,0.0,0.0,0.0,0.0,0.0,0.0,0.0,0.0,0.0,0.0,0.0,0.0,0.0,0.0
83,44508746116777,ngc_083C_M4.5_Q2,C,52.28469646536923,31.33898389871759,14.640829086303711,13.011470794677734,11.999408721923828,4.5,0.710992009384827,0.020370674133301847,0.018478202819826706,0.018272209167479403,0.0,0.0,0.0,0.0,0.0,0.0,0.0,0.0,0.0,0.0,0.0,0.0,0.0,0.0,0.0,0.0,0.0,0.0,0.0,0.0,0.0,0.0,0.0,0.0,0.0,0.0,0.0
84,44508746116789,ngc_084C_M4.0_Q2,C,52.28736176220169,31.439993451718415,17.017494201660156,15.940546989440918,15.119279861450195,4.0,12.023462835347878,0.2889678955078132,0.36557464599609446,0.696458244323729,0.0,0.0,0.0,0.0,0.0,0.0,0.0,0.0,0.0,0.0,0.0,0.0,0.0,0.0,0.0,0.0,0.0,0.0,0.0,0.0,0.0,0.0,0.0,0.0,0.0,0.0,0.0
85,44508746117253,ngc_085A_M6.0_Q0,A,52.2878554465808,31.384914417154324,14.540581703186035,12.947479248046875,11.740499496459961,6.0,5.704637121775794,0.07659158706665004,0.09058599472045792,0.0863037109375,0.0,0.0,0.0,0.0,0.0,0.0,0.0,0.0,0.0,0.0,0.0,0.0,0.0,0.0,0.0,0.0,0.0,0.0,0.0,0.0,0.0,0.0,0.0,0.0,0.0,0.0,0.0
86,44508746118973,ngc_086A_M9.0_Q0,A,52.288142964746605,31.362329812790296,,15.008482933044434,12.981049537658691,9.0,,,0.10056562423705984,0.06495895385742045,0.0,0.0,0.0,0.0,0.0,0.0,0.0,0.0,0.0,0.0,0.0,0.0,0.0,0.0,0.0,0.0,0.0,0.0,0.0,0.0,0.0,0.0,0.0,0.0,0.0,0.0,0.0
87,44508746107214,ngc_087A_L0.0_Q-1,A,52.28857501308143,31.273208912977022,,19.065542221069336,18.198143005371094,10.0,,,0.4492168426513672,0.38413372039795135,0.0,0.0,0.0,0.0,0.0,0.0,0.0,0.0,0.0,0.0,0.0,0.0,0.0,0.0,0.0,0.0,0.0,0.0,0.0,0.0,0.0,0.0,0.0,0.0,0.0,0.0,0.0
88,44508746116800,ngc_088C_M5.5_Q2,C,52.288869833073186,31.351149843843444,16.238645553588867,14.342050552368164,13.056829452514648,5.5,2.141452171688988,0.14033622741699148,0.09608469009399379,0.22338752746582102,0.0,0.0,0.0,0.0,0.0,0.0,0.0,0.0,0.0,0.0,0.0,0.0,0.0,0.0,0.0,0.0,0.0,0.0,0.0,0.0,0.0,0.0,0.0,0.0,0.0,0.0,0.0
89,44508746116809,ngc_089C_M5.8_Q2,C,52.28949935724971,31.455818093920104,14.105113983154297,13.297821044921875,12.702590942382812,5.75,2.0173266908657626,0.03665103912353551,0.038275718688964844,0.04963264465331818,0.0,0.0,0.0,0.0,0.0,0.0,0.0,0.0,0.0,0.0,0.0,0.0,0.0,0.0,0.0,0.0,0.0,0.0,0.0,0.0,0.0,0.0,0.0,0.0,0.0,0.0,0.0
90,44508746116825,ngc_090C_M6.0_Q2,C,52.292424105618444,31.454427692571326,15.449816703796387,14.722077369689941,14.164623260498047,6.0,0.16229080104228083,0.018205451965332742,0.021443843841552734,0.019822502136229048,0.0,0.0,0.0,0.0,0.0,0.0,0.0,0.0,0.0,0.0,0.0,0.0,0.0,0.0,0.0,0.0,0.0,0.0,0.0,0.0,0.0,0.0,0.0,0.0,0.0,0.0,0.0
91,44508746116840,ngc_091C_M5.0_Q2,C,52.29359026793282,31.393014721267182,15.581880569458008,13.902950286865234,12.7879638671875,5.0,4.341310158754006,0.08332939147949325,0.06573696136474716,0.0635519027709961,0.0,0.0,0.0,0.0,0.0,0.0,0.0,0.0,0.0,0.0,0.0,0.0,0.0,0.0,0.0,0.0,0.0,0.0,0.0,0.0,0.0,0.0,0.0,0.0,0.0,0.0,0.0
92,44508746116850,ngc_092C_M8.0_Q2,C,52.29424632350977,31.395579198031086,17.831809997558594,16.2229061126709,14.979660034179688,8.0,0.273970549961306,0.10661773681640696,0.04423999786376598,0.03290157318115128,0.0,0.0,0.0,0.0,0.0,0.0,0.0,0.0,0.0,0.0,0.0,0.0,0.0,0.0,0.0,0.0,0.0,0.0,0.0,0.0,0.0,0.0,0.0,0.0,0.0,0.0,0.0
93,44508746117256,ngc_093A_M5.5_Q0,A,52.29497388674333,31.37504300248757,14.722844123840332,13.616464614868164,12.884618759155273,5.5,0.9842428531286851,0.026012039184569957,0.0259469032287587,0.018691062927246094,0.0,0.0,0.0,0.0,0.0,0.0,0.0,0.0,0.0,0.0,0.0,0.0,0.0,0.0,0.0,0.0,0.0,0.0,0.0,0.0,0.0,0.0,0.0,0.0,0.0,0.0,0.0
94,44508746107163,ngc_094C_M2.0_Q2,C,52.295104921732324,31.278504384258436,15.713133811950684,14.246452331542969,13.01429557800293,2.0,23.53408604452055,0.4536161422729492,0.3893746376037601,0.3085871696472182,0.0,0.0,0.0,0.0,0.0,0.0,0.0,0.0,0.0,0.0,0.0,0.0,0.0,0.0,0.0,0.0,0.0,0.0,0.0,0.0,0.0,0.0,0.0,0.0,0.0,0.0,0.0
95,44508746116898,ngc_095C_M8.2_Q2,C,52.29712821469357,31.28821254882063,13.880721092224121,13.372961044311523,12.876486778259277,8.25,0.6528034330164112,0.01987400054931676,0.020680046081542613,0.018410682678222656,0.0,0.0,0.0,0.0,0.0,0.0,0.0,0.0,0.0,0.0,0.0,0.0,0.0,0.0,0.0,0.0,0.0,0.0,0.0,0.0,0.0,0.0,0.0,0.0,0.0,0.0,0.0
96,44508746117257,ngc_096C_M8.0_Q2,C,52.297203787422525,31.38251554156021,14.779911041259766,13.524959564208984,12.527006149291992,8.0,2.9067123700987616,0.048323059082031605,0.05034656524658132,0.04154605865478622,0.0,0.0,0.0,0.0,0.0,0.0,0.0,0.0,0.0,0.0,0.0,0.0,0.0,0.0,0.0,0.0,0.0,0.0,0.0,0.0,0.0,0.0,0.0,0.0,0.0,0.0,0.0
97,44508746116914,ngc_097C_M4.5_Q2,C,52.29851613107759,31.34374547518653,15.282960891723633,13.651618957519531,12.661795616149902,4.5,2.647487424454599,0.04036893844604528,0.04454708099365057,0.04092292785644247,0.0,0.0,0.0,0.0,0.0,0.0,0.0,0.0,0.0,0.0,0.0,0.0,0.0,0.0,0.0,0.0,0.0,0.0,0.0,0.0,0.0,0.0,0.0,0.0,0.0,0.0,0.0
98,44508746116935,ngc_098C_M8.0_Q2,C,52.30014329353047,31.430259234724563,15.947088241577148,15.387868881225586,14.867938041687012,8.0,0.21225061956441627,0.027696037292480824,0.030178451538086293,0.033724975585938566,0.0,0.0,0.0,0.0,0.0,0.0,0.0,0.0,0.0,0.0,0.0,0.0,0.0,0.0,0.0,0.0,0.0,0.0,0.0,0.0,0.0,0.0,0.0,0.0,0.0,0.0,0.0
99,44508746116949,ngc_099C_M9.0_Q2,C,52.30109679807852,31.385307915197536,18.15991973876953,16.42692756652832,15.037614822387695,9.0,0.9630940755208333,0.15716094970703054,0.06879940032959198,0.051350212097167613,0.0,0.0,0.0,0.0,0.0,0.0,0.0,0.0,0.0,0.0,0.0,0.0,0.0,0.0,0.0,0.0,0.0,0.0,0.0,0.0,0.0,0.0,0.0,0.0,0.0,0.0,0.0
100,44508746116989,ngc_100C_M6.2_Q2,C,52.303310735642235,31.33545745777944,14.511283874511719,13.811853408813477,13.299659729003906,6.25,2.4856033805031448,0.03752117156982493,0.04347867965698349,0.03588142395019389,0.0,0.0,0.0,0.0,0.0,0.0,0.0,0.0,0.0,0.0,0.0,0.0,0.0,0.0,0.0,0.0,0.0,0.0,0.0,0.0,0.0,0.0,0.0,0.0,0.0,0.0,0.0
101,44508746116994,ngc_101C_M5.2_Q2,C,52.30378944709037,31.39149790639715,13.376710891723633,12.599761962890625,12.047754287719727,5.25,2.1346635158706757,0.048158264160155895,0.04844512939452983,0.05476245880127095,0.0,0.0,0.0,0.0,0.0,0.0,0.0,0.0,0.0,0.0,0.0,0.0,0.0,0.0,0.0,0.0,0.0,0.0,0.0,0.0,0.0,0.0,0.0,0.0,0.0,0.0,0.0
102,44508746116999,ngc_102C_M7.5_Q2,C,52.30433744390603,31.293970443863014,15.165165901184082,14.65821647644043,14.159208297729492,7.5,0.5999902209395882,0.026322364807130683,0.0237565994262674,0.023493957519532316,0.0,0.0,0.0,0.0,0.0,0.0,0.0,0.0,0.0,0.0,0.0,0.0,0.0,0.0,0.0,0.0,0.0,0.0,0.0,0.0,0.0,0.0,0.0,0.0,0.0,0.0,0.0
103,44508746117009,ngc_103A_M3.0_Q1JH,A,52.30469878218129,31.381358222597502,12.851447105407715,11.14985466003418,9.951775550842285,3.0,36.475164089073125,0.6077337265014648,0.47436981201171946,0.30730438232421875,0.0,0.0,0.0,0.0,0.0,0.0,0.0,0.0,0.0,0.0,0.0,0.0,0.0,0.0,0.0,0.0,0.0,0.0,0.0,0.0,0.0,0.0,0.0,0.0,0.0,0.0,0.0
104,44508746117026,ngc_104C_M6.0_Q2,C,52.306757970562906,31.29541991563424,16.409147262573242,14.351972579956055,12.977537155151367,6.0,0.4598895858668681,0.03498802185058736,0.022494029998780363,0.02052516937255966,0.0,0.0,0.0,0.0,0.0,0.0,0.0,0.0,0.0,0.0,0.0,0.0,0.0,0.0,0.0,0.0,0.0,0.0,0.0,0.0,0.0,0.0,0.0,0.0,0.0,0.0,0.0
105,44508746117027,ngc_105A_L1.0_Q1K,A,52.307735153785345,31.301586288591277,19.411602020263672,18.547321319580078,17.68840980529785,11.0,-0.1361039923143017,0.39853477478027344,0.2894428253173835,0.283459091186522,0.0,0.0,0.0,0.0,0.0,0.0,0.0,0.0,0.0,0.0,0.0,0.0,0.0,0.0,0.0,0.0,0.0,0.0,0.0,0.0,0.0,0.0,0.0,0.0,0.0,0.0,0.0
106,44508746117035,ngc_106C_M5.2_Q2,C,52.31015396247812,31.376730977776173,14.43718147277832,13.5533447265625,12.974786758422852,5.25,0.7678451058249803,0.020245552062986505,0.022992801666259055,0.02029476165771449,0.0,0.0,0.0,0.0,0.0,0.0,0.0,0.0,0.0,0.0,0.0,0.0,0.0,0.0,0.0,0.0,0.0,0.0,0.0,0.0,0.0,0.0,0.0,0.0,0.0,0.0,0.0
107,44508746117087,ngc_107C_M3.0_Q2,C,52.31898531930373,31.350681954174455,14.973160743713379,13.337831497192383,12.409493446350098,3.0,0.6599886912219929,0.019563865661620383,0.023042774200439098,0.01953907012939382,0.0,0.0,0.0,0.0,0.0,0.0,0.0,0.0,0.0,0.0,0.0,0.0,0.0,0.0,0.0,0.0,0.0,0.0,0.0,0.0,0.0,0.0,0.0,0.0,0.0,0.0,0.0
108,44508746117090,ngc_108C_M3.0_Q2,C,52.31916546429514,31.397083323158203,13.270431518554688,12.003768920898438,11.262166976928711,3.0,15.578394717261904,0.22504463195800817,0.19723777770995987,0.1546335220336914,0.0,0.0,0.0,0.0,0.0,0.0,0.0,0.0,0.0,0.0,0.0,0.0,0.0,0.0,0.0,0.0,0.0,0.0,0.0,0.0,0.0,0.0,0.0,0.0,0.0,0.0,0.0
109,44508746107265,ngc_109A_M4.0_Q1J,A,52.319520232892145,31.271711596061415,11.422550201416016,10.818830490112305,10.506033897399902,4.0,0.5029231729028432,0.0314586639404304,0.04577817916870153,0.019832992553711293,0.0,0.0,0.0,0.0,0.0,0.0,0.0,0.0,0.0,0.0,0.0,0.0,0.0,0.0,0.0,0.0,0.0,0.0,0.0,0.0,0.0,0.0,0.0,0.0,0.0,0.0,0.0
110,44508746117093,ngc_110C_M3.0_Q2,C,52.320093648612485,31.390337107348156,15.683414459228516,14.522137641906738,13.752289772033691,3.0,21.838600014740564,0.3779335975646969,0.3401245117187486,0.3171888351440444,0.0,0.0,0.0,0.0,0.0,0.0,0.0,0.0,0.0,0.0,0.0,0.0,0.0,0.0,0.0,0.0,0.0,0.0,0.0,0.0,0.0,0.0,0.0,0.0,0.0,0.0,0.0
111,44508746117174,ngc_111S_M3.0_Q1HK,S,52.32776506296168,31.338270969154834,18.666549682617188,16.16230010986328,14.68549633026123,3.0,6.041569010416667,0.5237903594970703,0.3227294921874986,0.17673492431640625,0.0,0.0,0.0,0.0,0.0,0.0,0.0,0.0,0.0,0.0,0.0,0.0,0.0,0.0,0.0,0.0,0.0,0.0,0.0,0.0,0.0,0.0,0.0,0.0,0.0,0.0,0.0
112,44508746117189,ngc_112A_M2.5_Q1J,A,52.328045083598695,31.39039645810867,11.450969696044922,10.714970588684082,10.326560020446777,2.5,21.417353161097356,0.37028579711913956,0.23776645660400497,0.2042348861694343,0.0,0.0,0.0,0.0,0.0,0.0,0.0,0.0,0.0,0.0,0.0,0.0,0.0,0.0,0.0,0.0,0.0,0.0,0.0,0.0,0.0,0.0,0.0,0.0,0.0,0.0,0.0
113,44508746117238,ngc_113A_M9.0_Q1K,A,52.33493093414135,31.457041113229472,18.760433197021484,18.088863372802734,17.370439529418945,9.0,-0.08324706062437995,0.27825317382812287,0.2229991912841811,0.19940757751464844,0.0,0.0,0.0,0.0,0.0,0.0,0.0,0.0,0.0,0.0,0.0,0.0,0.0,0.0,0.0,0.0,0.0,0.0,0.0,0.0,0.0,0.0,0.0,0.0,0.0,0.0,0.0
114,44508746117301,ngc_114C_M5.5_Q2,C,52.33879868154658,31.39621598253719,17.362327575683594,14.74038028717041,12.973024368286133,5.5,-0.02678660740928044,0.06829719543457102,0.025486755371092684,0.01804065704345703,0.0,0.0,0.0,0.0,0.0,0.0,0.0,0.0,0.0,0.0,0.0,0.0,0.0,0.0,0.0,0.0,0.0,0.0,0.0,0.0,0.0,0.0,0.0,0.0,0.0,0.0,0.0
115,44508746117349,ngc_115C_M5.0_Q2,C,52.339699589046035,31.4202607346582,13.153249740600586,12.247779846191406,11.695820808410645,5.0,0.884862168030169,0.019927597045898082,0.023513889312743785,0.01749382019043111,0.0,0.0,0.0,0.0,0.0,0.0,0.0,0.0,0.0,0.0,0.0,0.0,0.0,0.0,0.0,0.0,0.0,0.0,0.0,0.0,0.0,0.0,0.0,0.0,0.0,0.0,0.0
116,44508746117326,ngc_116C_M5.2_Q2,C,52.339840177554386,31.352896898956807,12.356414794921875,11.761855125427246,11.409449577331543,5.25,0.9092872667612519,0.017183303833007812,0.02672119140624929,0.022498893737791903,0.0,0.0,0.0,0.0,0.0,0.0,0.0,0.0,0.0,0.0,0.0,0.0,0.0,0.0,0.0,0.0,0.0,0.0,0.0,0.0,0.0,0.0,0.0,0.0,0.0,0.0,0.0
117,44508746117327,ngc_117A_M8.1_Q1HK,A,52.34144925719293,31.308096233593545,18.766822814941406,17.966320037841797,17.21568489074707,8.1,-0.05662729755137701,0.27625045776366974,0.1732662200927706,0.18059349060058594,0.0,0.0,0.0,0.0,0.0,0.0,0.0,0.0,0.0,0.0,0.0,0.0,0.0,0.0,0.0,0.0,0.0,0.0,0.0,0.0,0.0,0.0,0.0,0.0,0.0,0.0,0.0
118,44508746117350,ngc_118A_M3.5_Q1JH,A,52.34187114151476,31.4042583601195,11.946990013122559,11.300992965698242,10.997184753417969,3.5,1.836922394283234,0.035149955749512074,0.036029624938965554,0.036276817321777344,0.0,0.0,0.0,0.0,0.0,0.0,0.0,0.0,0.0,0.0,0.0,0.0,0.0,0.0,0.0,0.0,0.0,0.0,0.0,0.0,0.0,0.0,0.0,0.0,0.0,0.0,0.0
119,44508746117406,ngc_119C_M4.8_Q2,C,52.34648544167001,31.341754042036765,12.315556526184082,11.652999877929688,11.208012580871582,4.75,8.82780715654481,0.13985023498535298,0.13053054809570241,0.11959266662597479,0.0,0.0,0.0,0.0,0.0,0.0,0.0,0.0,0.0,0.0,0.0,0.0,0.0,0.0,0.0,0.0,0.0,0.0,0.0,0.0,0.0,0.0,0.0,0.0,0.0,0.0,0.0
120,44508746117401,ngc_120C_M5.0_Q2,C,52.34682076904661,31.44808471613649,13.473060607910156,12.697755813598633,12.217353820800781,5.0,3.5893800363600628,0.031238937377930043,0.042706489562986505,0.06911315917968608,0.0,0.0,0.0,0.0,0.0,0.0,0.0,0.0,0.0,0.0,0.0,0.0,0.0,0.0,0.0,0.0,0.0,0.0,0.0,0.0,0.0,0.0,0.0,0.0,0.0,0.0,0.0
121,44508746117410,ngc_121C_M3.5_Q2,C,52.347928692153396,31.391927173854913,12.806278228759766,11.804008483886719,11.360754013061523,3.5,2.850013950892857,0.037815952301025746,0.04728593826293803,0.038715553283690696,0.0,0.0,0.0,0.0,0.0,0.0,0.0,0.0,0.0,0.0,0.0,0.0,0.0,0.0,0.0,0.0,0.0,0.0,0.0,0.0,0.0,0.0,0.0,0.0,0.0,0.0,0.0
122,44508746117411,ngc_122C_M4.0_Q2,C,52.34878084858429,31.419314661099108,13.95860481262207,12.899099349975586,12.331612586975098,4.0,1.2081561778326453,0.024062347412108664,0.027911090850830433,0.02698211669921946,0.0,0.0,0.0,0.0,0.0,0.0,0.0,0.0,0.0,0.0,0.0,0.0,0.0,0.0,0.0,0.0,0.0,0.0,0.0,0.0,0.0,0.0,0.0,0.0,0.0,0.0,0.0
123,44508746117434,ngc_123C_M2.0_Q2,C,52.35035253189485,31.332676949207062,15.906144142150879,14.505047798156738,13.680927276611328,2.0,7.427791066830524,0.17688560485839844,0.14227333068847692,0.07646369934082031,0.0,0.0,0.0,0.0,0.0,0.0,0.0,0.0,0.0,0.0,0.0,0.0,0.0,0.0,0.0,0.0,0.0,0.0,0.0,0.0,0.0,0.0,0.0,0.0,0.0,0.0,0.0
124,44508746117422,ngc_124C_M5.8_Q2,C,52.35192938954745,31.470770457406154,14.006999015808105,13.209019660949707,12.676204681396484,5.75,0.3955418088900968,0.014689254760741122,0.018714046478272905,0.018452072143553266,0.0,0.0,0.0,0.0,0.0,0.0,0.0,0.0,0.0,0.0,0.0,0.0,0.0,0.0,0.0,0.0,0.0,0.0,0.0,0.0,0.0,0.0,0.0,0.0,0.0,0.0,0.0
125,44508746117427,ngc_125C_M5.5_Q2,C,52.353509768564244,31.40173072442236,14.364851951599121,13.77165412902832,13.37454605102539,5.5,0.8556251765796974,0.01875343322753764,0.021657085418702593,0.019405746459959516,0.0,0.0,0.0,0.0,0.0,0.0,0.0,0.0,0.0,0.0,0.0,0.0,0.0,0.0,0.0,0.0,0.0,0.0,0.0,0.0,0.0,0.0,0.0,0.0,0.0,0.0,0.0
126,44508746107164,ngc_126A_L3.0_Q1K,A,52.35769549993186,31.27824957326269,18.688676834106445,18.020469665527344,17.287921905517578,13.0,-0.09200434331540708,0.24736442565917827,0.22103500366210938,0.20886116027832102,0.0,0.0,0.0,0.0,0.0,0.0,0.0,0.0,0.0,0.0,0.0,0.0,0.0,0.0,0.0,0.0,0.0,0.0,0.0,0.0,0.0,0.0,0.0,0.0,0.0,0.0,0.0
127,44508746117472,ngc_127A_M2.0_Q0,A,52.36177216413562,31.44649451424832,10.877669334411621,10.145734786987305,9.831310272216797,2.0,4.519259982638888,0.0584272384643576,0.08509635925292791,0.06251411437988352,0.0,0.0,0.0,0.0,0.0,0.0,0.0,0.0,0.0,0.0,0.0,0.0,0.0,0.0,0.0,0.0,0.0,0.0,0.0,0.0,0.0,0.0,0.0,0.0,0.0,0.0,0.0
128,44508746117487,ngc_128C_M7.0_Q2,C,52.36675355880833,31.419702735659033,17.550642013549805,16.00551414489746,14.861115455627441,7.0,0.14312188730299846,0.10003356933593821,0.05038490295410014,0.05522766113281463,0.0,0.0,0.0,0.0,0.0,0.0,0.0,0.0,0.0,0.0,0.0,0.0,0.0,0.0,0.0,0.0,0.0,0.0,0.0,0.0,0.0,0.0,0.0,0.0,0.0,0.0,0.0
129,44508746107212,ngc_129C_M7.5_Q2,C,52.36733192060156,31.274579387267224,12.921682357788086,12.447409629821777,12.031455039978027,7.5,6.421495411494007,0.08453235626220668,0.08135900497436488,0.06858062744140625,0.0,0.0,0.0,0.0,0.0,0.0,0.0,0.0,0.0,0.0,0.0,0.0,0.0,0.0,0.0,0.0,0.0,0.0,0.0,0.0,0.0,0.0,0.0,0.0,0.0,0.0,0.0
130,44508746121420,ngc_130C_M4.8_Q2,C,52.370433651007865,30.97828337421795,12.858796119689941,12.269643783569336,11.949126243591309,4.75,6.230671820239486,0.08275995254516566,0.08601903915405273,0.0840694427490245,0.0,0.0,0.0,0.0,0.0,0.0,0.0,0.0,0.0,0.0,0.0,0.0,0.0,0.0,0.0,0.0,0.0,0.0,0.0,0.0,0.0,0.0,0.0,0.0,0.0,0.0,0.0
131,44508746117524,ngc_131A_M0.0_Q1JH,A,52.37194272594496,31.30964031080497,12.45605754852295,11.35457992553711,10.907624244689941,0.0,0.8811032277233195,0.022888183593748224,0.021489620208740234,0.02239131927490412,0.0,0.0,0.0,0.0,0.0,0.0,0.0,0.0,0.0,0.0,0.0,0.0,0.0,0.0,0.0,0.0,0.0,0.0,0.0,0.0,0.0,0.0,0.0,0.0,0.0,0.0,0.0
132,44508746117537,ngc_132C_M4.5_Q2,C,52.37412113253442,31.350725264525895,12.611513137817383,11.686985969543457,11.201809883117676,4.5,2.0025375654112616,0.03828697204589915,0.036054992675781605,0.04857521057128977,0.0,0.0,0.0,0.0,0.0,0.0,0.0,0.0,0.0,0.0,0.0,0.0,0.0,0.0,0.0,0.0,0.0,0.0,0.0,0.0,0.0,0.0,0.0,0.0,0.0,0.0,0.0
133,44508746117553,ngc_133A_M4.2_Q1JH,A,52.376637582601106,31.31760607938348,12.060050964355469,11.373540878295898,10.990394592285156,4.25,3.9243241567460316,0.04187726974487305,0.06101589202880753,0.1039890289306662,0.0,0.0,0.0,0.0,0.0,0.0,0.0,0.0,0.0,0.0,0.0,0.0,0.0,0.0,0.0,0.0,0.0,0.0,0.0,0.0,0.0,0.0,0.0,0.0,0.0,0.0,0.0
134,44508746117549,ngc_134C_M5.5_Q2,C,52.37726756478876,31.457744899808944,13.764425277709961,13.067462921142578,12.620807647705078,5.5,0.7577045848534542,0.019990730285643465,0.016422748565673828,0.02067089080810547,0.0,0.0,0.0,0.0,0.0,0.0,0.0,0.0,0.0,0.0,0.0,0.0,0.0,0.0,0.0,0.0,0.0,0.0,0.0,0.0,0.0,0.0,0.0,0.0,0.0,0.0,0.0
135,44508746117569,ngc_135C_M5.5_Q2,C,52.38144616039714,31.42437887448248,17.162342071533203,16.27535057067871,15.425543785095215,5.5,8.066397037146226,0.2991077423095696,0.2772636413574219,0.20947818756103587,0.0,0.0,0.0,0.0,0.0,0.0,0.0,0.0,0.0,0.0,0.0,0.0,0.0,0.0,0.0,0.0,0.0,0.0,0.0,0.0,0.0,0.0,0.0,0.0,0.0,0.0,0.0
136,44508746117584,ngc_136C_M4.5_Q2,C,52.38571059315677,31.410257525054124,13.063165664672852,12.180660247802734,11.44661808013916,4.5,29.77235959610849,0.5935031890869134,0.40260105133056534,0.27676010131836115,0.0,0.0,0.0,0.0,0.0,0.0,0.0,0.0,0.0,0.0,0.0,0.0,0.0,0.0,0.0,0.0,0.0,0.0,0.0,0.0,0.0,0.0,0.0,0.0,0.0,0.0,0.0
137,44508746117586,ngc_137C_M4.0_Q2,C,52.386972036323165,31.453488136642378,13.333306312561035,12.650213241577148,12.244297981262207,4.0,7.835638082252359,0.13063316345214915,0.10137233734131001,0.11145763397216868,0.0,0.0,0.0,0.0,0.0,0.0,0.0,0.0,0.0,0.0,0.0,0.0,0.0,0.0,0.0,0.0,0.0,0.0,0.0,0.0,0.0,0.0,0.0,0.0,0.0,0.0,0.0
138,44508746117604,ngc_138C_M8.0_Q2,C,52.39117742421013,31.34337535905044,16.449308395385742,15.860305786132812,15.298933029174805,8.0,0.04815702018497875,0.03588676452636719,0.032561588287354226,0.03579654693603729,0.0,0.0,0.0,0.0,0.0,0.0,0.0,0.0,0.0,0.0,0.0,0.0,0.0,0.0,0.0,0.0,0.0,0.0,0.0,0.0,0.0,0.0,0.0,0.0,0.0,0.0,0.0
139,44508746117626,ngc_139C_M3.2_Q2,C,52.39292142887116,31.29536951979409,11.948640823364258,11.305915832519531,11.045587539672852,3.25,1.4403158703690055,0.029218482971192117,0.031725978851318004,0.033562469482422586,0.0,0.0,0.0,0.0,0.0,0.0,0.0,0.0,0.0,0.0,0.0,0.0,0.0,0.0,0.0,0.0,0.0,0.0,0.0,0.0,0.0,0.0,0.0,0.0,0.0,0.0,0.0
140,44508746117635,ngc_140A_L0.0_Q0,A,52.39672763306654,31.436411089183533,,18.979196548461914,18.018245697021484,10.0,,,0.5370243072509773,0.34179954528808665,0.0,0.0,0.0,0.0,0.0,0.0,0.0,0.0,0.0,0.0,0.0,0.0,0.0,0.0,0.0,0.0,0.0,0.0,0.0,0.0,0.0,0.0,0.0,0.0,0.0,0.0,0.0
141,44508746117645,ngc_141A_M8.2_Q1K,A,52.398782043737775,31.352359320731225,18.613842010498047,18.056594848632812,17.037019729614258,8.2,0.4182602024678164,0.20891971588134695,0.24198131561279368,0.3302135467529297,0.0,0.0,0.0,0.0,0.0,0.0,0.0,0.0,0.0,0.0,0.0,0.0,0.0,0.0,0.0,0.0,0.0,0.0,0.0,0.0,0.0,0.0,0.0,0.0,0.0,0.0,0.0
142,44508746117655,ngc_142C_M9.0_Q2,C,52.40150762915503,31.297168944404874,17.936485290527344,17.22875213623047,16.49417495727539,9.0,0.2089327446319772,0.13487510681152415,0.12127208709716797,0.10733413696289062,0.0,0.0,0.0,0.0,0.0,0.0,0.0,0.0,0.0,0.0,0.0,0.0,0.0,0.0,0.0,0.0,0.0,0.0,0.0,0.0,0.0,0.0,0.0,0.0,0.0,0.0,0.0
143,44508746120771,ngc_143C_M6.5_Q2,C,52.40684350491417,31.046974869125876,14.656425476074219,14.18907356262207,13.771171569824219,6.5,0.613986671899338,0.02261056900024272,0.023211956024169922,0.024820899963376775,0.0,0.0,0.0,0.0,0.0,0.0,0.0,0.0,0.0,0.0,0.0,0.0,0.0,0.0,0.0,0.0,0.0,0.0,0.0,0.0,0.0,0.0,0.0,0.0,0.0,0.0,0.0
144,44508746117684,ngc_144C_M6.8_Q2,C,52.40719184403681,31.36737052284252,13.862841606140137,13.378143310546875,12.921449661254883,6.75,1.8766659691220238,0.034258270263670454,0.03271598815917898,0.026047229766845703,0.0,0.0,0.0,0.0,0.0,0.0,0.0,0.0,0.0,0.0,0.0,0.0,0.0,0.0,0.0,0.0,0.0,0.0,0.0,0.0,0.0,0.0,0.0,0.0,0.0,0.0,0.0
145,44508746117813,ngc_145C_M7.2_Q2,C,52.43393520918727,31.329824097518664,17.636653900146484,16.508480072021484,15.0921049118042,7.25,3.4418258187156052,0.1821189880371108,0.174242401123049,0.1639080047607422,0.0,0.0,0.0,0.0,0.0,0.0,0.0,0.0,0.0,0.0,0.0,0.0,0.0,0.0,0.0,0.0,0.0,0.0,0.0,0.0,0.0,0.0,0.0,0.0,0.0,0.0,0.0
146,44508746108258,ngc_146A_M3.8_Q0,A,52.44123017759321,31.07810869324291,12.023445129394531,11.100297927856445,10.684231758117676,3.75,2.526156490796233,0.04824275970459091,0.05439271926880096,0.04717178344726669,0.0,0.0,0.0,0.0,0.0,0.0,0.0,0.0,0.0,0.0,0.0,0.0,0.0,0.0,0.0,0.0,0.0,0.0,0.0,0.0,0.0,0.0,0.0,0.0,0.0,0.0,0.0
147,44508746108270,ngc_147A_M1.0_Q0,A,52.44174390849168,31.07748224707655,12.15549087524414,11.140497207641602,10.592556953430176,1.0,3.9412086521653826,0.08158779144286932,0.08506803512573136,0.0994808197021495,0.0,0.0,0.0,0.0,0.0,0.0,0.0,0.0,0.0,0.0,0.0,0.0,0.0,0.0,0.0,0.0,0.0,0.0,0.0,0.0,0.0,0.0,0.0,0.0,0.0,0.0,0.0
148,44508746117885,ngc_148C_M4.5_Q2,C,52.443332760509506,31.34428587178286,12.31229019165039,11.747795104980469,11.450674057006836,4.5,0.8329834953187004,0.024695968627927556,0.01970138549804723,0.023647785186767578,0.0,0.0,0.0,0.0,0.0,0.0,0.0,0.0,0.0,0.0,0.0,0.0,0.0,0.0,0.0,0.0,0.0,0.0,0.0,0.0,0.0,0.0,0.0,0.0,0.0,0.0,0.0
149,44508746129880,ngc_149A_M4.0_Q1JH,A,52.47512138764987,31.348052667063335,11.806051254272461,11.039316177368164,10.360733032226562,4.0,8.230978494162088,0.1297445297241211,0.11331796646118164,0.11746397018432653,0.0,0.0,0.0,0.0,0.0,0.0,0.0,0.0,0.0,0.0,0.0,0.0,0.0,0.0,0.0,0.0,0.0,0.0,0.0,0.0,0.0,0.0,0.0,0.0,0.0,0.0,0.0
150,44508746130001,ngc_150C_M2.0_Q2,C,52.48842262563263,31.439275358400092,12.292418479919434,11.527074813842773,11.205924987792969,2.0,0.2687001490330958,0.02151632308959961,0.01808938980102326,0.016796588897705078,0.0,0.0,0.0,0.0,0.0,0.0,0.0,0.0,0.0,0.0,0.0,0.0,0.0,0.0,0.0,0.0,0.0,0.0,0.0,0.0,0.0,0.0,0.0,0.0,0.0,0.0,0.0
151,44508746095665,ngc_151C_M5.0_Q2,C,52.600440111792146,31.234514701823063,13.356081008911133,12.793062210083008,12.382996559143066,5.0,3.920958868347772,0.05075206756591655,0.050654506683349254,0.06867589950561381,0.0,0.0,0.0,0.0,0.0,0.0,0.0,0.0,0.0,0.0,0.0,0.0,0.0,0.0,0.0,0.0,0.0,0.0,0.0,0.0,0.0,0.0,0.0,0.0,0.0,0.0,0.0
